Sleek Styles,+35162941837,Bosnia and Herzegovina,65669₽,contribution
Glow Getter,+17114796291,Singapore,48354₽,stranger
Fashion Forward,+67480582099,Guinea-Bissau,30698₽,hair
Smart Styles,+0629533841,Slovakia,59520₽,cookie
Skin Studio,+94436106649,Bhutan,48447₽,maintenance
Classy Chic,+5321320632,Israel,87242₽,homework
Smart Styles,+8539625152,Italy,32039₽,signature
Brow Boosters,+95152742971,Mali,52636₽,family
Dapper Designs,+65119875258,Somalia,84750₽,dad
Salon Suites,+92893966227,Guatemala,70789₽,cell
Smart Styles,+1366402745,Benin,70004₽,signature
Urban Upmarket,+32466361298,South Sudan,52265₽,cookie
Smart Styles,+3636887121,"Micronesia, Federated States of",35584₽,organization
Urban Upmarket,+14715614257,Syria,99537₽,maintenance
Trendy Threads,+64340405186,Sri Lanka,92987₽,proposal
Smart Styles,+3181212987,Nigeria,79962₽,tea
Glow Getter,+4635226590,Tunisia,49113₽,stranger
Sophisticated Sewing,+34690870592,Ethiopia,93743₽,tennis
Sleek Styles,+71653125383,Iceland,45451₽,definition
Classy Collections,+35111880815,Malawi,63469₽,development
Smart Styles,+13802468255,Bhutan,43204₽,revenue
Chic Couture,+38903484968,Mali,86830₽,series
Trendsetting Tailors,+7276923646,Sao Tome and Principe,42530₽,marriage
Dapper Designs,+40612504487,Bangladesh,23538₽,buyer
Brow Boosters,+26315050327,Nicaragua,73917₽,employment
Lash Lounge,+19526212007,Montenegro,58247₽,development
Clipper Cuts,+49597462246,Angola,82891₽,advice
Elegant Ensembles,+12246287988,Mauritius,76782₽,distribution
Modern Maven,+44634790560,Burkina Faso,42066₽,cell
Skin Studio,+52849431901,Gabon,48956₽,cell
Chic Couture,+63488852880,Fiji,49422₽,advertising
Classy Chic,+50679060601,Poland,50659₽,signature
Elite Elegance,+1584333601,Armenia,59858₽,analyst
Glamour Galore,+5453139648,Mauritania,62650₽,administration
Lash Lounge,+82555190644,Romania,15998₽,tea
Glow Getter,+52602254784,Nepal,88023₽,mixture
Brow Boosters,+73331747890,Bosnia and Herzegovina,92679₽,midnight
Fashion Forward,+2370113401,"Korea, South",30288₽,nature
Brow Boosters,+61121667384,Madagascar,97141₽,signature
Glow Getter,+71413323167,Albania,56694₽,dad
Chic Boutique,+86382767866,Slovakia,71685₽,buyer
Fashion Fusion,+0723892115,Namibia,68051₽,drawer
Trendsetting Tailors,+39678567648,Montenegro,29091₽,dad
Posh Patterns,+58671658536,Maldives,24510₽,classroom
Refined Rags,+0680512433,Tajikistan,66525₽,user
Elite Elegance,+61656269735,Argentina,85959₽,description
Stellar Stitches,+30191771097,Tuvalu,69645₽,tennis
Classy Collections,+6381767759,Suriname,15918₽,wood
Sophisticated Sewing,+61769127924,"Micronesia, Federated States of",68035₽,administration
Dapper Designs,+83158938809,Iran,12228₽,contribution
Brow Boosters,+52158532716,East Timor (Timor-Leste),16810₽,computer
Elite Elegance,+37265508809,Latvia,25395₽,signature
Glow Getter,+90841219082,Estonia,11796₽,pie
Salon Suites,+7407560689,Germany,72826₽,mode
Haute Hues,+72461201187,Dominican Republic,28528₽,buyer
Chic Couture,+2775533742,Grenada,62872₽,library
Chic Boutique,+60671207944,Saint Kitts and Nevis,18556₽,assumption
Body Bliss,+7820565455,Lesotho,56442₽,definition
Fashion Forward,+96683446235,Costa Rica,92420₽,basket
Classy Chic,+70171782217,Armenia,16111₽,republic
Salon Suites,+95769449910,Taiwan,54843₽,mixture
Trendy Threads,+8524969402,"Korea, North",87819₽,series
Refined Rags,+92445513820,Italy,69256₽,concept
Makeup Maven,+367823936,Macedonia,21177₽,entry
Chic Boutique,+51641536809,Central African Republic,98912₽,tennis
Haute Hues,+94221632142,Guyana,15214₽,emphasis
Trendy Threads,+13804908002,Bangladesh,81798₽,nature
Dapper Designs,+80830725508,Cameroon,85015₽,tea
Stellar Stitches,+3509971584,Uzbekistan,54070₽,contribution
Fine Fabrics,+4896515875,Mali,59094₽,woman
Sleek Styles,+51803330157,Finland,14370₽,signature
